{"cameraMode":{"drawMode":0,"name":"Shaded","section":"Shading Mode"},"sceneLighting":false,"audioPlay":false,"sceneViewState":{"showFog":true,"showMaterialUpdate":false,"showSkybox":false,"showFlares":true,"showImageEffects":true,"showParticleSystems":true},"in2DMode":false,"pivot":{"x":408.9924621582031,"y":22.459999084472658,"z":198.8619384765625},"rotation":{"x":0.5612270832061768,"y":-0.3197382390499115,"z":0.24861353635787965,"w":0.7217947840690613},"size":33.51592254638672,"orthographic":true}