{"cameraMode":{"drawMode":0,"name":"Shaded","section":"Shading Mode"},"sceneLighting":false,"audioPlay":false,"sceneViewState":{"showFog":true,"showMaterialUpdate":false,"showSkybox":true,"showFlares":true,"showImageEffects":true,"showParticleSystems":true},"in2DMode":false,"pivot":{"x":451.2837829589844,"y":-12.47790241241455,"z":168.76797485351563},"rotation":{"x":-0.0316368006169796,"y":0.9621414542198181,"z":-0.23882988095283509,"w":-0.1274508237838745},"size":54.104774475097659,"orthographic":false}