{"cameraMode":{"drawMode":0,"name":"Shaded","section":"Shading Mode"},"sceneLighting":false,"audioPlay":false,"sceneViewState":{"showFog":true,"showMaterialUpdate":false,"showSkybox":false,"showFlares":true,"showImageEffects":true,"showParticleSystems":true},"in2DMode":false,"pivot":{"x":449.6151123046875,"y":5.281299591064453,"z":131.0959930419922},"rotation":{"x":0.07781970500946045,"y":0.05082285776734352,"z":-0.003972675185650587,"w":0.9956661462783814},"size":5.212377071380615,"orthographic":true}