{"cameraMode":{"drawMode":0,"name":"Shaded","section":"Shading Mode"},"sceneLighting":false,"audioPlay":false,"sceneViewState":{"showFog":true,"showMaterialUpdate":false,"showSkybox":false,"showFlares":true,"showImageEffects":true,"showParticleSystems":true},"in2DMode":false,"pivot":{"x":457.91400146484377,"y":1.4478261470794678,"z":130.86599731445313},"rotation":{"x":0.04062431678175926,"y":0.6575188040733337,"z":-0.03553884103894234,"w":0.7515144348144531},"size":19.51021385192871,"orthographic":true}