{"cameraMode":{"drawMode":0,"name":"Shaded","section":"Shading Mode"},"sceneLighting":false,"audioPlay":false,"sceneViewState":{"showFog":true,"showMaterialUpdate":false,"showSkybox":false,"showFlares":true,"showImageEffects":true,"showParticleSystems":true},"in2DMode":false,"pivot":{"x":457.6409912109375,"y":1.5378260612487794,"z":130.08099365234376},"rotation":{"x":0.109684057533741,"y":-0.6790255308151245,"z":0.10366636514663696,"w":0.7184362411499023},"size":18.35081672668457,"orthographic":true}